<?xml version="1.0" encoding="UTF-8"?>
<beans:beans xmlns="http://www.springframework.org/schema/mvc"
	xmlns:xsi="http://www.w3.org/2001/XMLSchema-instance"
	xmlns:beans="http://www.springframework.org/schema/beans"
	xmlns:context="http://www.springframework.org/schema/context"
	xsi:schemaLocation="http://www.springframework.org/schema/mvc https://www.springframework.org/schema/mvc/spring-mvc.xsd
		http://www.springframework.org/schema/beans https://www.springframework.org/schema/beans/spring-beans.xsd
		http://www.springframework.org/schema/context https://www.springframework.org/schema/context/spring-context.xsd">


	<!-- DispatcherServlet Context: defines this servlet's request-processing infrastructure -->
	
	<!-- Enables the Spring MVC @Controller programming model -->
	<annotation-driven />

	<!-- Handles HTTP GET requests for /resources/** by efficiently serving up static resources in the ${webappRoot}/resources directory -->
	<resources mapping="/resources/**" location="/resources/" />

	<!-- Resolves views selected for rendering by @Controllers to .jsp resources in the /WEB-INF/views directory -->
	<beans:bean class="org.springframework.web.servlet.view.InternalResourceViewResolver">
		<beans:property name="prefix" value="/WEB-INF/views/" />
		<beans:property name="suffix" value=".jsp" />
	</beans:bean>
	
	  <beans:bean id="mailSender" class="org.springframework.mail.javamail.JavaMailSenderImpl">
        <beans:property name="host" value="smtp.gmail.com" />
        <beans:property name="port" value="587" />
        <beans:property name="username" value="**************" />
        <beans:property name="password" value="**************" />
        <beans:property name="javaMailProperties">
            <beans:props>
                <beans:prop key="mail.transport.protocol">smtp</beans:prop>
                <beans:prop key="mail.smtp.auth">true</beans:prop>
                <beans:prop key="mail.smtp.starttls.enable">true</beans:prop>
            </beans:props>
        </beans:property>
    </beans:bean> 	 

		<beans:bean id="jt" class="org.springframework.jdbc.core.JdbcTemplate">
		<beans:property name="dataSource" ref="ds"></beans:property>
	</beans:bean>
	<beans:bean id="homeDao" class="com.Spring.Myapp.dao.HomeDao">
	<beans:property name="template" ref="jt"></beans:property>
	</beans:bean>
	<beans:bean id="ds"
		class="org.springframework.jdbc.datasource.DriverManagerDataSource">
		<beans:property name="driverClassName"
			value="com.mysql.cj.jdbc.Driver"></beans:property>
		<beans:property name="url" value="jdbc:mysql://localhost:3306/test"></beans:property>
		<beans:property name="username" value="root"></beans:property>
		<beans:property name="password" value="root"></beans:property>
	</beans:bean>
	
	<context:component-scan base-package="com.Spring.Myapp.controller" />
	
	<!-- <context-param>
    <beans:param-name>contextConfigLocation</beans:param-name>
    <beans:param-value>/WEB-INF/spring-config.xml</beans:param-value>
</context-param> -->
	
</beans:beans>
